{"name":"hotel-pwa","short_name":"hotel-pwa","description":"Nuxt.js + PWA + Vuetify.js Hotel Room Service","publicPath":"//_nuxt/","icons":[{"src":"/_nuxt/icons/icon_64.9mldiZBM4Q$.png","sizes":"64x64","type":"image/png"},{"src":"/_nuxt/icons/icon_120.9mldiZBM4Q$.png","sizes":"120x120","type":"image/png"},{"src":"/_nuxt/icons/icon_144.9mldiZBM4Q$.png","sizes":"144x144","type":"image/png"},{"src":"/_nuxt/icons/icon_152.9mldiZBM4Q$.png","sizes":"152x152","type":"image/png"},{"src":"/_nuxt/icons/icon_192.9mldiZBM4Q$.png","sizes":"192x192","type":"image/png"},{"src":"/_nuxt/icons/icon_384.9mldiZBM4Q$.png","sizes":"384x384","type":"image/png"},{"src":"/_nuxt/icons/icon_512.9mldiZBM4Q$.png","sizes":"512x512","type":"image/png"}],"start_url":"/?standalone=true","display":"standalone","background_color":"#ffffff","theme_color":"black","lang":"en"}